time,ghi,air_temperature,relative_humidity,wind_speed,wind_from_direction
7/1/2018 0:01,0,23.2,89.4,0,0
7/1/2018 0:02,0,23.2,89.5,0,271.6
7/1/2018 0:03,0,23.2,89.6,0,276.5
7/1/2018 0:04,0,23.2,89.5,0.2,276.6
7/1/2018 0:05,0,23.2,89.5,0.3,269.2
7/1/2018 0:06,0,23.2,89.4,0.3,266.5
7/1/2018 0:07,0,23.2,89.3,0.7,263.6
7/1/2018 0:08,0,23.2,89.4,0.9,257.5
7/1/2018 0:09,0,23.2,89.2,0,234.6
7/1/2018 0:10,0,23.2,89.1,0.9,226.2
7/1/2018 0:11,0,23.2,88.6,1,218.8
7/1/2018 0:12,0,23.2,88.6,1,205.3
7/1/2018 0:13,0,23.1,88.8,0.1,204.5
7/1/2018 0:14,0,23.1,88.8,0,0
7/1/2018 0:15,0,23.1,88.8,0.2,215.7
7/1/2018 0:16,0,23.1,88.7,0,0
7/1/2018 0:17,0,23.1,88.9,0,0
7/1/2018 0:18,0,23.1,88.8,0,0
7/1/2018 0:19,0,23.1,88.7,0.6,217.4
7/1/2018 0:20,0,23,88.6,0,217.3
7/1/2018 0:21,0,23.1,88.8,0,0
7/1/2018 0:22,0,23,89.1,0,0
7/1/2018 0:23,0,23,89,0,0
7/1/2018 0:24,0,23,89,0,0
7/1/2018 0:25,0,23,89.2,0,0
7/1/2018 0:26,0,23,89,0,0
7/1/2018 0:27,0,23,89,0,0
7/1/2018 0:28,0,23,89,0,0
7/1/2018 0:29,0,23,89,0,0
7/1/2018 0:30,0,23,89.2,0,217.4
7/1/2018 0:31,0,23,89.3,0,217.3
7/1/2018 0:32,0,22.9,89.3,0.2,257.5
7/1/2018 0:33,0,22.9,89.5,0,0
7/1/2018 0:34,0,22.9,89.5,0,0
7/1/2018 0:35,0,22.9,89.5,0.3,246.2
7/1/2018 0:36,0,22.9,89.4,0.1,255.2
7/1/2018 0:37,0,22.9,89.5,0,254.5
7/1/2018 0:38,0,22.9,89.2,0.3,254.5
7/1/2018 0:39,0,22.9,89.3,0,254.4
7/1/2018 0:40,0,22.9,89,0,0
7/1/2018 0:41,0,22.9,89.1,0,0
7/1/2018 0:42,0,22.9,89.4,0,0
7/1/2018 0:43,0,22.9,89.3,0,0
7/1/2018 0:44,0,23,89.3,0,0
7/1/2018 0:45,0,23,89.2,0,0
7/1/2018 0:46,0,23,89.2,0,0
7/1/2018 0:47,0,23,89.2,0,0
7/1/2018 0:48,0,23,89.3,0,0
7/1/2018 0:49,0,23,89.4,0,0
7/1/2018 0:50,0,23,89.3,0,0
7/1/2018 0:51,0,23,89.4,0,0
7/1/2018 0:52,0,23,89.3,0,0
7/1/2018 0:53,0,22.9,89.5,0,0
7/1/2018 0:54,0,22.9,89.7,0.6,282.4
7/1/2018 0:55,0,22.9,89.8,0.4,284.8
7/1/2018 0:56,0,22.9,89.7,0.3,289.8
7/1/2018 0:57,0,22.9,90.1,0.9,287
7/1/2018 0:58,0,22.9,90,1.9,292.7
7/1/2018 0:59,0,22.9,90,2.5,297.3
7/1/2018 1:00,0,22.9,89.6,2.6,301.4
7/1/2018 1:01,0,22.9,89.1,2.1,299.3
7/1/2018 1:02,0,22.9,88.8,2.6,301.7
7/1/2018 1:03,0,22.9,88.8,2,296.6
7/1/2018 1:04,0,22.9,88.5,2.4,299.3
7/1/2018 1:05,0,22.9,89,1.9,295.5
7/1/2018 1:06,0,22.8,89.6,1.3,304.1
7/1/2018 1:07,0,22.8,89.9,0.5,298.7
7/1/2018 1:08,0,22.8,90.7,0.8,300.6
7/1/2018 1:09,0,22.7,90.9,1,298.5
7/1/2018 1:10,0,22.6,91.2,0.3,304.2
7/1/2018 1:11,0,22.6,92,0,0
7/1/2018 1:12,0,22.5,92.5,0,310
7/1/2018 1:13,0,22.5,92.9,0.3,266.8
7/1/2018 1:14,0,22.4,93.1,1,310.2
7/1/2018 1:15,0,22.4,92.9,1.7,312.8
7/1/2018 1:16,0,22.4,93.2,0.5,314.3
7/1/2018 1:17,0,22.3,93.7,0.9,306.8
7/1/2018 1:18,0,22.3,93.4,1.3,305.1
7/1/2018 1:19,0,22.3,93.8,0.5,314.5
7/1/2018 1:20,0,22.2,94.2,0.7,311.1
7/1/2018 1:21,0,22.2,94.3,0.7,308.4
7/1/2018 1:22,0,22.2,94.7,0.3,311.1
7/1/2018 1:23,0,22.2,94.6,1,314.8
7/1/2018 1:24,0,22.2,94.8,0.9,313.6
7/1/2018 1:25,0,22.2,94.9,0.4,304.8
7/1/2018 1:26,0,22.2,95.2,0.4,306.6
7/1/2018 1:27,0,22.2,95.3,0.2,299.3
7/1/2018 1:28,0,22.1,95.3,0,0
7/1/2018 1:29,0,22.1,95.4,0.9,299.9
7/1/2018 1:30,0,22.1,95.6,0.3,281.1
7/1/2018 1:31,0,22.1,95.8,0,280.1
7/1/2018 1:32,0,22.1,96,0,0
7/1/2018 1:33,0,22.1,96.1,0,0
7/1/2018 1:34,0,22.1,96,0.4,290.5
7/1/2018 1:35,0,22.1,96.1,0.2,290.4
7/1/2018 1:36,0,22.1,96.2,0.2,267.7
7/1/2018 1:37,0,22.1,96.1,0.2,272.1
7/1/2018 1:38,0,22.1,96.3,0,0
7/1/2018 1:39,0,22.1,96.5,0,0
7/1/2018 1:40,0,22.1,96.4,0.1,280.6
7/1/2018 1:41,0,22,96.5,0.9,280.2
7/1/2018 1:42,0,22,96.5,0.1,302.2
7/1/2018 1:43,0,22,95.7,0.1,302.1
7/1/2018 1:44,0,22,95.7,0.5,307.9
7/1/2018 1:45,0,22,95.7,0.4,310.5
7/1/2018 1:46,0,22,95.8,0.4,327.1
7/1/2018 1:47,0,22,94.1,0,336.1
7/1/2018 1:48,0,22,95,0.3,318.3
7/1/2018 1:49,0,22,95.1,0.3,307.3
7/1/2018 1:50,0,22,95.2,0,0
7/1/2018 1:51,0,22,94.5,0,0
7/1/2018 1:52,0,22,93.8,0.3,315.9
7/1/2018 1:53,0,22,93.1,0.3,306.4
7/1/2018 1:54,0,22,93.3,0,0
7/1/2018 1:55,0,22,93.5,0,0
7/1/2018 1:56,0,22,93.8,0,0
7/1/2018 1:57,0,22,94.3,0,0
7/1/2018 1:58,0,22,94.5,0.1,297.4
7/1/2018 1:59,0,21.9,94.6,1.4,303.2
7/1/2018 2:00,0,21.9,94.9,1.4,298.4
7/1/2018 2:01,0,21.9,95.2,1.2,290.2
7/1/2018 2:02,0,21.9,95.2,1.4,273.5
7/1/2018 2:03,0,21.9,95.1,1.1,281.1
7/1/2018 2:04,0,21.9,95.3,0.1,267.9
7/1/2018 2:05,0,21.9,95.5,0,0
7/1/2018 2:06,0,21.9,95.6,0.2,291
7/1/2018 2:07,0,21.9,95.4,1.2,260.6
7/1/2018 2:08,0,21.9,95.1,0.1,231.1
7/1/2018 2:09,0,21.9,95.3,0,0
7/1/2018 2:10,0,21.9,95.5,0,0
7/1/2018 2:11,0,21.9,95.5,0,0
7/1/2018 2:12,0,21.9,96,0.3,299.9
7/1/2018 2:13,0,21.9,95.7,1.2,286.8
7/1/2018 2:14,0,21.9,95.8,0,0
7/1/2018 2:15,0,21.9,95.5,0.3,311.2
7/1/2018 2:16,0,21.9,95.4,1.7,300.1
7/1/2018 2:17,0,21.9,95.3,1.6,295.3
7/1/2018 2:18,0,21.9,95.6,0.8,306.9
7/1/2018 2:19,0,21.9,95.6,1.6,299.3
7/1/2018 2:20,0,21.8,95.3,1.3,295.3
7/1/2018 2:21,0,21.8,95.1,1.2,291.3
7/1/2018 2:22,0,21.8,95.2,0.7,305.8
7/1/2018 2:23,0,21.8,95.4,0.2,303.8
7/1/2018 2:24,0,21.8,95.4,0.2,303.7
7/1/2018 2:25,0,21.8,95.6,0,298.1
7/1/2018 2:26,0,21.8,95.8,0,0
7/1/2018 2:27,0,21.8,95.7,0,0
7/1/2018 2:28,0,21.7,95.3,0,0
7/1/2018 2:29,0,21.7,94.8,0,0
7/1/2018 2:30,0,21.7,94.9,0,0
7/1/2018 2:31,0,21.7,94.6,0,0
7/1/2018 2:32,0,21.7,94.9,0,0
7/1/2018 2:33,0,21.7,95.4,0,0
7/1/2018 2:34,0,21.6,95.5,0,297
7/1/2018 2:35,0,21.6,95.4,0,0
7/1/2018 2:36,0,21.6,95.4,0,0
7/1/2018 2:37,0,21.6,95.5,0,0
7/1/2018 2:38,0,21.6,95.8,0,0
7/1/2018 2:39,0,21.6,96.1,0,0
7/1/2018 2:40,0,21.6,96,0,0
7/1/2018 2:41,0,21.6,96,0,0
7/1/2018 2:42,0,21.6,96.2,0,0
7/1/2018 2:43,0,21.6,96.4,0,0
7/1/2018 2:44,0,21.6,95.9,0,0
7/1/2018 2:45,0,21.6,95.3,0,0
7/1/2018 2:46,0,21.6,95.1,0,0
7/1/2018 2:47,0,21.6,95.2,0,0
7/1/2018 2:48,0,21.6,95.8,0,0
7/1/2018 2:49,0,21.6,95.7,0,0
7/1/2018 2:50,0,21.6,95.7,0,0
7/1/2018 2:51,0,21.6,95.8,0,0
7/1/2018 2:52,0,21.6,95.9,0,0
7/1/2018 2:53,0,21.6,95.8,0,0
7/1/2018 2:54,0,21.6,95.8,0,0
7/1/2018 2:55,0,21.6,95.9,0,0
7/1/2018 2:56,0,21.6,96.1,0,0
7/1/2018 2:57,0,21.6,95.8,0,0
7/1/2018 2:58,0,21.6,95.9,0,0
7/1/2018 2:59,0,21.6,96.2,0,0
7/1/2018 3:00,0,21.6,95.7,0,0
7/1/2018 3:01,0,21.6,95.3,0,0
7/1/2018 3:02,0,21.7,95.2,0,0
7/1/2018 3:03,0,21.7,95,0,0
7/1/2018 3:04,0,21.7,95.3,0,0
7/1/2018 3:05,0,21.7,95.4,0,0
7/1/2018 3:06,0,21.7,95.6,0,0
7/1/2018 3:07,0,21.7,95.8,0,0
7/1/2018 3:08,0,21.7,96,0,0
7/1/2018 3:09,0,21.7,95.6,0,0
7/1/2018 3:10,0,21.7,95,0,0
7/1/2018 3:11,0,21.7,94.9,0,296.9
7/1/2018 3:12,0,21.7,94.6,0,0
7/1/2018 3:13,0,21.7,95,0,0
7/1/2018 3:14,0,21.7,94.9,0.2,296.8
7/1/2018 3:15,0,21.7,95.1,0,0
7/1/2018 3:16,0,21.7,95.3,0,0
7/1/2018 3:17,0,21.7,95.6,0,0
7/1/2018 3:18,0,21.7,95.4,0,0
7/1/2018 3:19,0,21.6,95.4,0,0
7/1/2018 3:20,0,21.6,95.6,0,0
7/1/2018 3:21,0,21.6,95.8,0,0
7/1/2018 3:22,0,21.6,96,0,0
7/1/2018 3:23,0,21.6,95.8,0,0
7/1/2018 3:24,0,21.6,96.1,0,0
7/1/2018 3:25,0,21.6,95.8,0,0
7/1/2018 3:26,0,21.6,95.7,0,0
7/1/2018 3:27,0,21.6,96,0,0
7/1/2018 3:28,0,21.6,95.7,0,0
7/1/2018 3:29,0,21.6,95.4,0.2,305.5
7/1/2018 3:30,0,21.7,95.4,0,308.2
7/1/2018 3:31,0,21.7,95.1,0,0
7/1/2018 3:32,0,21.7,94.9,0,0
7/1/2018 3:33,0,21.7,94.8,0,0
7/1/2018 3:34,0,21.7,94.6,0,0
7/1/2018 3:35,0,21.7,94.8,0,0
7/1/2018 3:36,0,21.7,94.8,0,0
7/1/2018 3:37,0,21.7,95,0,0
7/1/2018 3:38,0,21.7,95.1,0,0
7/1/2018 3:39,0,21.7,94.9,0,0
7/1/2018 3:40,0,21.7,95.2,0,0
7/1/2018 3:41,0,21.7,95.6,0,0
7/1/2018 3:42,0,21.7,95.5,0,0
7/1/2018 3:43,0,21.7,95.6,0,0
7/1/2018 3:44,0,21.7,95.5,0,0
7/1/2018 3:45,0,21.7,95.6,0,0
7/1/2018 3:46,0,21.6,95.9,0,0
7/1/2018 3:47,0,21.6,95.8,0,0
7/1/2018 3:48,0,21.6,96,0,308.2
7/1/2018 3:49,0,21.6,95.9,0,0
7/1/2018 3:50,0,21.6,96.1,0.1,308.1
7/1/2018 3:51,0,21.6,96,0,0
7/1/2018 3:52,0,21.6,96,0,0
7/1/2018 3:53,0,21.6,96.1,0,0
7/1/2018 3:54,0,21.6,95.8,0,0
7/1/2018 3:55,0,21.6,95.7,0.2,308.2
7/1/2018 3:56,0,21.7,95.7,0,0
7/1/2018 3:57,0,21.7,95.7,0,0
7/1/2018 3:58,0,21.7,95.6,0,0
7/1/2018 3:59,0,21.7,95.6,0,0
7/1/2018 4:00,0,21.7,95.5,0,0
7/1/2018 4:01,0,21.7,95.6,0,0
7/1/2018 4:02,0,21.7,95.5,0,0
7/1/2018 4:03,0,21.7,95.6,0,0
7/1/2018 4:04,0,21.7,95.7,0,0
7/1/2018 4:05,0,21.7,95.7,0,0
7/1/2018 4:06,0,21.7,95.3,0,0
7/1/2018 4:07,0,21.7,95.4,0,0
7/1/2018 4:08,0,21.7,95.3,0,0
7/1/2018 4:09,0,21.7,95.1,0,0
7/1/2018 4:10,0,21.7,95,0,0
7/1/2018 4:11,0,21.8,94.9,0,0
7/1/2018 4:12,0,21.8,94.8,0,0
7/1/2018 4:13,0,21.8,94.9,0,0
7/1/2018 4:14,0,21.8,94.9,0,0
7/1/2018 4:15,0,21.8,95,0,0
7/1/2018 4:16,0,21.8,95.3,0,0
7/1/2018 4:17,0,21.8,95.5,0,0
7/1/2018 4:18,0,21.8,95.6,0,0
7/1/2018 4:19,0,21.8,95.4,0,0
7/1/2018 4:20,0,21.8,95.7,0,0
7/1/2018 4:21,0,21.7,95.7,0,0
7/1/2018 4:22,0,21.7,95.8,0,0
7/1/2018 4:23,0,21.7,95.9,0,0
7/1/2018 4:24,0,21.7,95.8,0,0
7/1/2018 4:25,0,21.7,96.1,0,0
7/1/2018 4:26,0,21.7,96.3,0,0
7/1/2018 4:27,0,21.7,96.2,0,0
7/1/2018 4:28,0,21.7,96.2,0,0
7/1/2018 4:29,0,21.7,96.4,0,0
7/1/2018 4:30,0,21.7,96.4,0,0
7/1/2018 4:31,0,21.7,96,0,0
7/1/2018 4:32,0,21.7,96.1,0,0
7/1/2018 4:33,0,21.7,96.2,0,0
7/1/2018 4:34,0,21.7,96.2,0,0
7/1/2018 4:35,0,21.7,96.4,0,0
7/1/2018 4:36,0,21.7,96.4,0,0
7/1/2018 4:37,0,21.7,96.3,0,0
7/1/2018 4:38,0,21.7,96.1,0,0
7/1/2018 4:39,0,21.7,96.2,0,0
7/1/2018 4:40,0,21.7,96.7,0,0
7/1/2018 4:41,0,21.7,96.2,0,0
7/1/2018 4:42,0,21.7,96.2,0,0
7/1/2018 4:43,0,21.7,96.4,0,0
7/1/2018 4:44,0,21.7,96.4,0,0
7/1/2018 4:45,0,21.7,96.4,0,0
7/1/2018 4:46,0,21.7,96.4,0,0
7/1/2018 4:47,0,21.7,96.6,0,0
7/1/2018 4:48,0,21.7,96.4,0,0
7/1/2018 4:49,0,21.7,95.9,0,0
7/1/2018 4:50,0,21.7,95.6,0,0
7/1/2018 4:51,0,21.7,95.6,0,0
7/1/2018 4:52,0,21.7,95.9,0,0
7/1/2018 4:53,0,21.7,95.9,0,0
7/1/2018 4:54,0,21.7,95.8,0,0
7/1/2018 4:55,0,21.7,95.9,0,0
7/1/2018 4:56,0,21.7,95.8,0,0
7/1/2018 4:57,0,21.7,95.5,0,0
7/1/2018 4:58,0,21.7,95.4,0,0
7/1/2018 4:59,0,21.7,95.3,0,0
7/1/2018 5:00,0,21.7,95.7,0,0
7/1/2018 5:01,0,21.7,95.9,0,0
7/1/2018 5:02,0,21.7,96.2,0,0
7/1/2018 5:03,0,21.7,96.5,0,0
7/1/2018 5:04,0,21.7,96.5,0,0
7/1/2018 5:05,0,21.7,96.4,0,0
7/1/2018 5:06,0,21.7,96.4,0,0
7/1/2018 5:07,0,21.7,96.1,0,0
7/1/2018 5:08,0,21.7,96.1,0,0
7/1/2018 5:09,0,21.7,96.4,0,0
7/1/2018 5:10,0,21.7,96.6,0,0
7/1/2018 5:11,0,21.7,96.3,0,0
7/1/2018 5:12,0,21.7,96.4,0,0
7/1/2018 5:13,0,21.7,96.5,0,0
7/1/2018 5:14,0,21.7,96.7,0,0
7/1/2018 5:15,0,21.7,96.6,0,0
7/1/2018 5:16,0,21.7,96.5,0,0
7/1/2018 5:17,0,21.7,96.7,0,0
7/1/2018 5:18,0,21.7,96.5,0,0
7/1/2018 5:19,0,21.7,96.7,0,0
7/1/2018 5:20,0,21.7,96.8,0,0
7/1/2018 5:21,0,21.7,96.6,0,0
7/1/2018 5:22,0,21.7,96.4,0,0
7/1/2018 5:23,0,21.7,96.6,0,48.5
7/1/2018 5:24,0,21.7,96.8,0.1,49.4
7/1/2018 5:25,0,21.7,97,0.3,51.1
7/1/2018 5:26,0,21.7,97.2,0.8,60.4
7/1/2018 5:27,0,21.6,97.2,0.5,62.8
7/1/2018 5:28,0,21.6,97.4,0.2,62.8
7/1/2018 5:29,0,21.6,97.6,0,0
7/1/2018 5:30,1,21.6,97.6,0.3,62.3
7/1/2018 5:31,1,21.6,97.4,0.9,62.3
7/1/2018 5:32,1,21.6,97.3,0.6,60.9
7/1/2018 5:33,1,21.6,97,0.4,60.2
7/1/2018 5:34,2,21.6,97.3,0.6,58
7/1/2018 5:35,2,21.6,97.3,0.2,58
7/1/2018 5:36,3,21.6,97.3,0.4,57.7
7/1/2018 5:37,3,21.5,97.5,0.5,57.2
7/1/2018 5:38,3,21.5,97.6,0.1,57.3
7/1/2018 5:39,3,21.5,97.8,0,0
7/1/2018 5:40,4,21.5,98,0,0
7/1/2018 5:41,4,21.5,98,0,0
7/1/2018 5:42,4,21.5,97.4,0.4,23.6
7/1/2018 5:43,4,21.4,96.3,1,13.6
7/1/2018 5:44,3,21.4,95.4,1.2,31.8
7/1/2018 5:45,4,21.4,95.2,0.4,22
7/1/2018 5:46,4,21.3,95.1,0,31.5
7/1/2018 5:47,4,21.3,94.8,0.6,17.1
7/1/2018 5:48,5,21.3,95,0.1,36.6
7/1/2018 5:49,6,21.3,95,0.1,61.4
7/1/2018 5:50,7,21.2,95.4,0.5,50.3
7/1/2018 5:51,8,21.2,95.6,0.5,37
7/1/2018 5:52,8,21.2,95.4,0.7,49.5
7/1/2018 5:53,8,21.2,95.8,0.2,54.9
7/1/2018 5:54,8,21.2,96.5,0,0
7/1/2018 5:55,7,21.2,96.6,0,0
7/1/2018 5:56,7,21.2,96.2,0,46.5
7/1/2018 5:57,6,21.1,95.8,0.1,36.7
7/1/2018 5:58,6,21.1,96.1,0,0
7/1/2018 5:59,5,21.1,96.2,0.1,26.4
7/1/2018 6:00,5,21.1,96.4,0.4,19.6
7/1/2018 6:01,4,21.1,96.1,0.1,18.6
7/1/2018 6:02,4,21.1,96.3,0.1,18.6
7/1/2018 6:03,4,21.1,96.8,0.1,6.1
7/1/2018 6:04,5,21.1,97,0.8,354.8
7/1/2018 6:05,5,21.1,96.2,1,356.7
7/1/2018 6:06,5,21,95.6,1.1,356.5
7/1/2018 6:07,6,21,95.7,1.2,344
7/1/2018 6:08,7,20.9,96.3,1,357.7
7/1/2018 6:09,7,20.9,96.8,0.5,1.4
7/1/2018 6:10,8,20.9,97.7,0.1,0.4
7/1/2018 6:11,8,20.9,98,0,354.1
7/1/2018 6:12,9,20.8,98.3,0,0
7/1/2018 6:13,9,20.8,97.5,0,0
7/1/2018 6:14,9,20.8,97.7,0,0
7/1/2018 6:15,10,20.8,98.7,0,0
7/1/2018 6:16,10,20.8,99,0,0
7/1/2018 6:17,11,20.8,99.2,0,0
7/1/2018 6:18,13,20.8,99.2,0,0
7/1/2018 6:19,14,20.7,98.9,0,0
7/1/2018 6:20,16,20.7,98.6,0.6,39.8
7/1/2018 6:21,18,20.7,98.5,1.8,39.4
7/1/2018 6:22,21,20.6,97.5,1.7,41.9
7/1/2018 6:23,25,20.6,97.3,2.1,40.1
7/1/2018 6:24,28,20.6,97.3,1.5,42
7/1/2018 6:25,30,20.5,97.4,1.2,47.1
7/1/2018 6:26,32,20.5,97.6,1.1,42.6
7/1/2018 6:27,33,20.5,97.5,0.3,64.8
7/1/2018 6:28,35,20.5,98.3,0.1,57.8
7/1/2018 6:29,37,20.5,98,0,52.5
7/1/2018 6:30,37,20.5,97.7,0,0
7/1/2018 6:31,38,20.5,97.7,0,0
7/1/2018 6:32,38,20.5,98.3,0,50.4
7/1/2018 6:33,36,20.5,98.4,0,49
7/1/2018 6:34,36,20.5,98.5,0.1,19.8
7/1/2018 6:35,35,20.5,98.6,0,0
7/1/2018 6:36,34,20.5,98.9,0.1,38.1
7/1/2018 6:37,33,20.6,99,0,37.9
7/1/2018 6:38,31,20.6,99,0,0
7/1/2018 6:39,30,20.6,99.2,0,0
7/1/2018 6:40,29,20.6,99.2,0,44.1
7/1/2018 6:41,28,20.6,99.2,0.1,44.2
7/1/2018 6:42,29,20.6,98.9,0.1,62.8
7/1/2018 6:43,30,20.7,99,0,0
7/1/2018 6:44,30,20.7,99,0,0
7/1/2018 6:45,30,20.7,99,0,0
7/1/2018 6:46,30,20.7,99.1,0,0
7/1/2018 6:47,29,20.8,99.3,0.2,66.9
7/1/2018 6:48,28,20.8,99.3,0.1,66.9
7/1/2018 6:49,26,20.8,99.1,0,0
7/1/2018 6:50,25,20.8,99.1,0,0
7/1/2018 6:51,24,20.8,99,0,0
7/1/2018 6:52,24,20.8,98.8,0,0
7/1/2018 6:53,24,20.8,99,0,66.9
7/1/2018 6:54,24,20.9,99.3,0,66.9
7/1/2018 6:55,26,20.9,99.2,0.1,66.9
7/1/2018 6:56,27,20.9,98.9,0,65
7/1/2018 6:57,28,20.9,98.8,0,63.7
7/1/2018 6:58,31,20.8,98.7,0.3,47.1
7/1/2018 6:59,33,20.8,98.7,0.2,65.7
7/1/2018 7:00,36,20.8,98.7,0,61.8
7/1/2018 7:01,39,20.8,98.4,0,0
7/1/2018 7:02,42,20.8,98.4,0.1,56.5
7/1/2018 7:03,45,20.8,98.4,0,0
7/1/2018 7:04,47,20.8,98.5,0,0
7/1/2018 7:05,48,20.8,98.7,0,0
7/1/2018 7:06,47,20.9,98.9,0,0
7/1/2018 7:07,47,20.8,98.5,0,0
7/1/2018 7:08,47,20.8,98.5,0,0
7/1/2018 7:09,47,20.9,98.6,0,0
7/1/2018 7:10,47,20.9,98.3,0,0
7/1/2018 7:11,46,20.8,97.9,0.2,80
7/1/2018 7:12,45,20.8,97.8,0,0
7/1/2018 7:13,45,20.8,96.9,0.6,70.8
7/1/2018 7:14,45,20.8,96.2,0,73
7/1/2018 7:15,46,20.8,96.7,0.1,56.7
7/1/2018 7:16,47,20.8,96.6,0,0
7/1/2018 7:17,49,20.8,97,0,0
7/1/2018 7:18,50,20.8,97.5,0,0
7/1/2018 7:19,51,20.8,98.1,0,0
7/1/2018 7:20,53,20.8,98.6,0,0
7/1/2018 7:21,55,20.8,98.3,0,0
7/1/2018 7:22,56,20.8,98.4,0,0
7/1/2018 7:23,58,20.8,98,0,0
7/1/2018 7:24,58,20.8,96.7,0,0
7/1/2018 7:25,60,20.8,96.9,0,0
7/1/2018 7:26,61,20.8,96.5,0,0
7/1/2018 7:27,63,20.8,97.5,0,0
7/1/2018 7:28,66,20.8,98,0,0
7/1/2018 7:29,69,20.8,97.9,0,0
7/1/2018 7:30,70,20.8,97.8,0,0
7/1/2018 7:31,68,20.9,97.4,0,0
7/1/2018 7:32,66,20.9,97.3,0,0
7/1/2018 7:33,66,20.9,97.3,0,0
7/1/2018 7:34,66,20.9,96.6,0,0
7/1/2018 7:35,68,20.9,95.7,0,0
7/1/2018 7:36,72,21,96.1,0,0
7/1/2018 7:37,76,21,96.7,0,0
7/1/2018 7:38,80,21,97.1,0,0
7/1/2018 7:39,84,21,97.2,0,0
7/1/2018 7:40,88,21,96.6,0,0
7/1/2018 7:41,93,21.1,96.4,0,0
7/1/2018 7:42,101,21.1,96.5,0,0
7/1/2018 7:43,110,21.1,96,0,0
7/1/2018 7:44,119,21.1,96.6,0,0
7/1/2018 7:45,128,21.2,96.4,0,0
7/1/2018 7:46,136,21.2,96.3,0,0
7/1/2018 7:47,145,21.3,96.2,0,0
7/1/2018 7:48,151,21.3,95.4,0,0
7/1/2018 7:49,155,21.4,94.9,0.2,55.7
7/1/2018 7:50,152,21.4,94.7,0.3,57.5
7/1/2018 7:51,144,21.5,94.1,0,0
7/1/2018 7:52,131,21.5,95.2,0,0
7/1/2018 7:53,118,21.5,96,0.1,35.9
7/1/2018 7:54,105,21.5,93.2,0,0
7/1/2018 7:55,95,21.5,92.8,0,0
7/1/2018 7:56,89,21.6,93.2,0,0
7/1/2018 7:57,83,21.6,92.9,0,0
7/1/2018 7:58,79,21.6,93.7,0,0
7/1/2018 7:59,77,21.6,92.8,0,0
7/1/2018 8:00,75,21.6,93.3,0,0
7/1/2018 8:01,73,21.6,93.8,0,0
7/1/2018 8:02,69,21.6,94.4,0,0
7/1/2018 8:03,66,21.6,96.1,0,0
7/1/2018 8:04,64,21.5,95.7,0,0
7/1/2018 8:05,63,21.5,93.9,0,0
7/1/2018 8:06,61,21.5,94.2,0,0
7/1/2018 8:07,58,21.5,95.7,0,0
7/1/2018 8:08,56,21.5,96.8,0,0
7/1/2018 8:09,54,21.4,95.5,0,0
7/1/2018 8:10,52,21.4,95.1,0,0
7/1/2018 8:11,50,21.4,94.9,0,0
7/1/2018 8:12,47,21.4,96,0,0
7/1/2018 8:13,45,21.4,94.3,0,0
7/1/2018 8:14,43,21.4,93.7,0,0
7/1/2018 8:15,43,21.4,93.7,0,0
7/1/2018 8:16,44,21.4,93.6,0,0
7/1/2018 8:17,47,21.4,94,0,0
7/1/2018 8:18,51,21.4,94.8,0,0
7/1/2018 8:19,56,21.4,95.4,0,0
7/1/2018 8:20,60,21.5,94.9,0,0
7/1/2018 8:21,62,21.5,94.4,0,0
7/1/2018 8:22,65,21.5,93.6,0,0
7/1/2018 8:23,68,21.6,94.1,0,0
7/1/2018 8:24,72,21.6,93.7,0,0
7/1/2018 8:25,77,21.6,94.1,0,0
7/1/2018 8:26,81,21.6,93.2,0,0
7/1/2018 8:27,85,21.6,93.5,0,0
7/1/2018 8:28,88,21.6,92.5,0,0
7/1/2018 8:29,89,21.7,93.5,0,0
7/1/2018 8:30,91,21.7,93.7,0,0
7/1/2018 8:31,92,21.7,93.6,0,0
7/1/2018 8:32,92,21.6,94.2,0,0
7/1/2018 8:33,90,21.6,94.5,0,0
7/1/2018 8:34,89,21.6,93.3,0,0
7/1/2018 8:35,87,21.6,94.9,0,0
7/1/2018 8:36,85,21.6,94.6,0,0
7/1/2018 8:37,81,21.7,94.9,0,0
7/1/2018 8:38,76,21.7,94.5,0,0
7/1/2018 8:39,71,21.7,93.7,0,0
7/1/2018 8:40,67,21.7,93.2,0,0
7/1/2018 8:41,64,21.7,93.7,0,0
7/1/2018 8:42,62,21.7,93.6,0,214.6
7/1/2018 8:43,61,21.7,94.3,0,0
7/1/2018 8:44,59,21.7,95.3,0,0
7/1/2018 8:45,58,21.7,95.9,0,0
7/1/2018 8:46,59,21.7,95.8,0,0
7/1/2018 8:47,61,21.7,95.3,0,237.5
7/1/2018 8:48,64,21.6,95.2,0.3,258.9
7/1/2018 8:49,67,21.6,94.7,0.5,263.8
7/1/2018 8:50,70,21.6,95.4,0,0
7/1/2018 8:51,75,21.6,96.2,0,0
7/1/2018 8:52,80,21.6,96.6,0,0
7/1/2018 8:53,85,21.5,96.4,0,0
7/1/2018 8:54,89,21.6,96.5,0,0
7/1/2018 8:55,92,21.6,96.5,0,0
7/1/2018 8:56,92,21.6,96,0,0
7/1/2018 8:57,89,21.6,95.8,0,0
7/1/2018 8:58,85,21.7,97.2,0,303.4
7/1/2018 8:59,80,21.7,97.5,0,0
7/1/2018 9:00,76,21.7,97.2,0.3,302.7
7/1/2018 9:01,74,21.7,96.2,0.7,309
7/1/2018 9:02,72,21.6,95.3,0.7,308.5
7/1/2018 9:03,71,21.6,95,0,0
7/1/2018 9:04,71,21.6,95.1,0,0
7/1/2018 9:05,71,21.6,95.5,0.6,278.5
7/1/2018 9:06,71,21.6,95.5,0.2,307.8
7/1/2018 9:07,70,21.6,95.9,0.8,291.2
7/1/2018 9:08,68,21.6,95.4,0,277.5
7/1/2018 9:09,65,21.6,96.2,0.1,277.5
7/1/2018 9:10,63,21.6,95.8,0,295.7
7/1/2018 9:11,62,21.6,95.5,0,0
7/1/2018 9:12,62,21.7,96,0.5,305.5
7/1/2018 9:13,63,21.7,96.2,0.2,291.4
7/1/2018 9:14,66,21.7,95.8,0.8,289.2
7/1/2018 9:15,70,21.6,94.9,1.1,300.1
7/1/2018 9:16,73,21.6,94.4,1,305.8
7/1/2018 9:17,77,21.6,94.4,1.3,309.7
7/1/2018 9:18,81,21.6,95.5,0.5,313
7/1/2018 9:19,83,21.5,95.4,0.9,301.1
7/1/2018 9:20,85,21.5,95.8,1.2,301.3
7/1/2018 9:21,85,21.5,95.8,0.5,299.4
7/1/2018 9:22,84,21.5,96.3,0,0
7/1/2018 9:23,80,21.5,96.1,0.2,303.1
7/1/2018 9:24,75,21.5,96.6,0.9,301.5
7/1/2018 9:25,70,21.5,96.6,1.2,303.9
7/1/2018 9:26,66,21.5,96.5,0.5,290.8
7/1/2018 9:27,65,21.5,94.8,1.5,287.5
7/1/2018 9:28,68,21.5,94.9,0.5,300.9
7/1/2018 9:29,74,21.6,95.5,0.5,290.2
7/1/2018 9:30,76,21.6,95,0.2,297.9
7/1/2018 9:31,76,21.6,94.4,0.5,292.6
7/1/2018 9:32,75,21.6,93.9,1.2,308.1
7/1/2018 9:33,76,21.6,93.5,0.6,319.8
7/1/2018 9:34,77,21.6,93.3,0.4,309.6
7/1/2018 9:35,78,21.6,92.9,1.3,316.6
7/1/2018 9:36,78,21.6,93.3,0.5,303.5
7/1/2018 9:37,76,21.6,92.2,0.2,319.8
7/1/2018 9:38,74,21.6,92.9,0.8,304.2
7/1/2018 9:39,71,21.6,92.9,0.3,318.1
7/1/2018 9:40,69,21.7,94.1,0,298.7
7/1/2018 9:41,67,21.7,94.6,0.8,291.4
7/1/2018 9:42,65,21.6,94.2,0.3,302.4
7/1/2018 9:43,64,21.6,94.4,0.5,294.5
7/1/2018 9:44,64,21.6,94.6,1.1,294.8
7/1/2018 9:45,65,21.6,94.3,0.7,297.6
7/1/2018 9:46,66,21.6,94.1,0.7,291.3
7/1/2018 9:47,67,21.6,94.2,0.5,291.1
7/1/2018 9:48,69,21.6,94.5,0.2,295.5
7/1/2018 9:49,72,21.6,94.7,0.3,289.3
7/1/2018 9:50,76,21.6,94.6,0,307.4
7/1/2018 9:51,81,21.5,94.1,0.9,302.8
7/1/2018 9:52,86,21.6,94.2,0.1,295.7
7/1/2018 9:53,90,21.6,94.3,0.2,326.1
7/1/2018 9:54,93,21.6,94.3,0,326.1
7/1/2018 9:55,98,21.7,94.1,0,0
7/1/2018 9:56,103,21.7,93.3,0.4,324.3
7/1/2018 9:57,109,21.7,93.1,0,0
7/1/2018 9:58,113,21.8,93.4,0.2,322.6
7/1/2018 9:59,117,21.8,93.1,0,322.5
7/1/2018 10:00,118,21.8,93.4,0,0
7/1/2018 10:01,116,21.8,94.2,0,0
7/1/2018 10:02,113,21.9,93.7,0,0
7/1/2018 10:03,108,21.9,94.9,0,0
7/1/2018 10:04,103,21.9,94.8,0,0
7/1/2018 10:05,96,22,95.3,0,0
7/1/2018 10:06,90,22,94.9,0.3,286.1
7/1/2018 10:07,83,22,94.3,0.6,267.2
7/1/2018 10:08,78,21.9,93.3,0.3,264.5
7/1/2018 10:09,74,21.9,92.1,0.1,255.9
7/1/2018 10:10,73,21.9,92.9,0,0
7/1/2018 10:11,73,21.9,93.1,0,0
7/1/2018 10:12,75,21.9,92.7,0,287.5
7/1/2018 10:13,79,21.9,92.9,0.3,294
7/1/2018 10:14,85,21.9,93,0.2,296.6
7/1/2018 10:15,91,21.9,92.9,0,299.6
7/1/2018 10:16,98,21.9,93.5,0,0
7/1/2018 10:17,104,21.9,92.6,0,0
7/1/2018 10:18,108,21.9,91.5,0.1,314.2
7/1/2018 10:19,109,22,91.6,0,0
7/1/2018 10:20,109,22,91,0,0
7/1/2018 10:21,108,22,91.7,0,0
7/1/2018 10:22,108,22,92.1,0,0
7/1/2018 10:23,112,22,92.7,0,0
7/1/2018 10:24,118,22,93.2,0,0
7/1/2018 10:25,124,22,91.5,0,0
7/1/2018 10:26,130,22.1,90.8,0,0
7/1/2018 10:27,135,22.1,91.7,0,0
7/1/2018 10:28,137,22.2,91.8,0,0
7/1/2018 10:29,138,22.2,91.6,0,0
7/1/2018 10:30,139,22.2,92.7,0.2,302.3
7/1/2018 10:31,140,22.3,92.5,0,302.3
7/1/2018 10:32,141,22.4,92.3,0.3,302.3
7/1/2018 10:33,144,22.4,90.9,0.1,302.3
7/1/2018 10:34,149,22.4,91.1,0,0
7/1/2018 10:35,153,22.4,90.4,0,0
7/1/2018 10:36,156,22.5,90.8,0,0
7/1/2018 10:37,158,22.6,91,0,0
7/1/2018 10:38,155,22.7,91,0,0
7/1/2018 10:39,149,22.7,88.5,0,0
7/1/2018 10:40,134,22.8,89.6,0.1,301.7
7/1/2018 10:41,132,22.8,88.8,0.2,301.7
7/1/2018 10:42,124,22.8,89.2,0.1,301.6
7/1/2018 10:43,117,22.7,91,0,0
7/1/2018 10:44,112,22.7,90.7,0,0
7/1/2018 10:45,110,22.7,89.7,0.3,244.8
7/1/2018 10:46,112,22.7,89.4,0.1,250.3
7/1/2018 10:47,115,22.6,89.1,0.4,255.1
7/1/2018 10:48,120,22.6,89.8,0.1,261.1
7/1/2018 10:49,126,22.6,90.7,0.2,267.5
7/1/2018 10:50,133,22.5,90.9,0.7,263.6
7/1/2018 10:51,139,22.5,91.7,0.2,257.4
7/1/2018 10:52,144,22.5,90.7,0.2,263
7/1/2018 10:53,146,22.5,91.4,0,278.7
7/1/2018 10:54,145,22.5,91.8,0,275
7/1/2018 10:55,142,22.5,91.1,0,272.7
7/1/2018 10:56,135,22.5,92.3,0.2,259.5
7/1/2018 10:57,127,22.5,93.1,0.7,288.7
7/1/2018 10:58,117,22.5,92.7,0.8,274.9
7/1/2018 10:59,105,22.4,91.9,0.9,272.8
7/1/2018 11:00,91,22.4,92.7,0.3,262.9
7/1/2018 11:01,76,22.4,92,0.7,260.2
7/1/2018 11:02,63,22.4,92.8,0,0
7/1/2018 11:03,52,22.3,92,0.7,245.1
7/1/2018 11:04,44,22.3,92.2,0.1,259.1
7/1/2018 11:05,38,22.2,92.7,0.7,259.7
7/1/2018 11:06,35,22.1,92.5,0.9,254.1
7/1/2018 11:07,34,22.1,92.9,0,0
7/1/2018 11:08,35,22,93.7,0.7,297.1
7/1/2018 11:09,39,22,94.7,0.3,296.1
7/1/2018 11:10,46,22,94.9,0,0
7/1/2018 11:11,56,21.9,95.1,0.4,280.2
7/1/2018 11:12,66,21.9,95.5,0,0
7/1/2018 11:13,74,21.9,95.7,0,0
7/1/2018 11:14,81,21.9,95.5,0,0
7/1/2018 11:15,87,21.8,95.5,0.2,336.8
7/1/2018 11:16,94,21.8,94.9,0,0
7/1/2018 11:17,101,21.7,95,0,0
7/1/2018 11:18,108,21.6,94.6,0,0
7/1/2018 11:19,116,21.6,95.9,0,0
7/1/2018 11:20,123,21.5,97.2,0,0
7/1/2018 11:21,127,21.5,97.8,0,0
7/1/2018 11:22,128,21.5,98,0.4,307.3
7/1/2018 11:23,130,21.4,98.2,0.7,312.3
7/1/2018 11:24,132,21.4,97.7,0.1,282.2
7/1/2018 11:25,132,21.3,97.9,0.8,304.3
7/1/2018 11:26,132,21.3,97.9,0.3,294.5
7/1/2018 11:27,138,21.2,97.7,0.4,302.3
7/1/2018 11:28,147,21.1,97.7,0,0
7/1/2018 11:29,156,21.1,97.8,0.1,305.3
7/1/2018 11:30,163,21.1,97.3,0.1,301.1
7/1/2018 11:31,168,21,96.9,0,0
7/1/2018 11:32,172,21,97,0,0
7/1/2018 11:33,176,21,97.8,0,0
7/1/2018 11:34,178,21,97.3,0,0
7/1/2018 11:35,178,21,97.7,0,0
7/1/2018 11:36,179,21,97.7,0,0
7/1/2018 11:37,180,21,97.5,0,0
7/1/2018 11:38,179,21,96.6,0,0
7/1/2018 11:39,176,21,97.5,0,0
7/1/2018 11:40,173,21,98.4,0,0
7/1/2018 11:41,170,21.1,97.7,0,0
7/1/2018 11:42,164,21.1,98,0,0
7/1/2018 11:43,159,21.2,97.8,0,0
7/1/2018 11:44,156,21.2,98.1,0,0
7/1/2018 11:45,153,21.2,97.9,0,0
7/1/2018 11:46,151,21.3,97.1,0,0
7/1/2018 11:47,155,21.3,97.5,0,0
7/1/2018 11:48,162,21.4,97.1,0,0
7/1/2018 11:49,176,21.4,96.9,0,0
7/1/2018 11:50,201,21.4,96.9,0,0
7/1/2018 11:51,230,21.5,97.1,0,0
7/1/2018 11:52,254,21.5,96.6,0,0
7/1/2018 11:53,270,21.6,97.2,0,0
7/1/2018 11:54,280,21.6,97.5,0,0
7/1/2018 11:55,287,21.7,96.8,0,0
7/1/2018 11:56,292,21.8,97,0,0
7/1/2018 11:57,289,21.9,96.9,0,0
7/1/2018 11:58,280,22,97.9,0,0
7/1/2018 11:59,267,22,97,0.3,17.2
7/1/2018 12:00,252,22,94.4,0.1,15.3
7/1/2018 12:01,239,21.9,95,0,0
7/1/2018 12:02,225,21.9,94.7,0,0
7/1/2018 12:03,213,22,95.1,0,0
7/1/2018 12:04,205,22,95.3,0,0
7/1/2018 12:05,200,22.1,95.5,0,0
7/1/2018 12:06,202,22.2,95.3,0,0
7/1/2018 12:07,204,22.2,95.8,0,0
7/1/2018 12:08,205,22.2,96.4,0,0
7/1/2018 12:09,203,22.3,95.4,0,0
7/1/2018 12:10,201,22.3,94.7,0,0
7/1/2018 12:11,201,22.3,95.1,0,0
7/1/2018 12:12,197,22.3,95.2,0,0
7/1/2018 12:13,192,22.3,95.6,0,80.5
7/1/2018 12:14,183,22.3,95.3,0,0
7/1/2018 12:15,175,22.4,95.9,0,0
7/1/2018 12:16,165,22.4,93.3,0,0
7/1/2018 12:17,156,22.3,94.5,0,0
7/1/2018 12:18,146,22.4,94.7,0,0
7/1/2018 12:19,137,22.3,93.5,0,0
7/1/2018 12:20,132,22.3,93.2,0,0
7/1/2018 12:21,134,22.2,94.4,0,0
7/1/2018 12:22,148,22.2,92.7,0,0
7/1/2018 12:23,167,22.2,93.5,0,0
7/1/2018 12:24,188,22.3,94.2,0,0
7/1/2018 12:25,207,22.3,93.7,0.6,22
7/1/2018 12:26,220,22.3,93.7,1.5,21.5
7/1/2018 12:27,232,22.3,94.4,0.3,3
7/1/2018 12:28,231,22.3,95.3,0.1,2.3
7/1/2018 12:29,230,22.3,93.7,0.4,0.5
7/1/2018 12:30,257,22.3,93.9,1.5,357.9
7/1/2018 12:31,301,22.3,94.6,0.2,359.6
7/1/2018 12:32,344,22.3,94.9,0.1,6.2
7/1/2018 12:33,371,22.4,94.9,0,18.6
7/1/2018 12:34,389,22.5,95.7,1,19.7
7/1/2018 12:35,407,22.6,93.1,2.1,12.7
7/1/2018 12:36,418,22.5,92.9,1.2,30.3
7/1/2018 12:37,422,22.5,91.9,2.3,19.9
7/1/2018 12:38,423,22.4,92.4,1.7,21.4
7/1/2018 12:39,418,22.5,91.9,1.6,16.8
7/1/2018 12:40,411,22.5,90.9,2.3,24.1
7/1/2018 12:41,402,22.5,91.7,2.1,25.9
7/1/2018 12:42,393,22.5,90.5,2,23.4
7/1/2018 12:43,387,22.4,91.6,1.5,27
7/1/2018 12:44,383,22.5,91.5,1.7,19.4
7/1/2018 12:45,377,22.5,90.9,0.9,29.4
7/1/2018 12:46,367,22.6,91.8,0.3,48.7
7/1/2018 12:47,347,22.6,91.2,1.2,60.2
7/1/2018 12:48,324,22.7,91.2,0.6,27.6
7/1/2018 12:49,304,22.7,90,1.3,49.2
7/1/2018 12:50,287,22.8,91.1,0.3,49.4
7/1/2018 12:51,275,22.8,89.3,1,36.3
7/1/2018 12:52,269,22.8,89.7,1.1,46.4
7/1/2018 12:53,270,22.8,89.6,0.9,41.8
7/1/2018 12:54,277,22.8,89.6,0.9,47.8
7/1/2018 12:55,289,22.9,89.8,1.8,80
7/1/2018 12:56,305,22.9,89.7,0.5,64.1
7/1/2018 12:57,323,23,91.1,0.6,51.9
7/1/2018 12:58,342,23.1,88.8,1.5,61.3
7/1/2018 12:59,361,23.1,90.4,1,51.7
7/1/2018 13:00,369,23.2,88.1,1.2,57.7
7/1/2018 13:01,372,23.3,88.3,0.5,52.7
7/1/2018 13:02,365,23.3,88.6,0,0
7/1/2018 13:03,351,23.4,87,0.4,22.4
7/1/2018 13:04,337,23.4,86.1,0.4,28.4
7/1/2018 13:05,321,23.5,85.7,0.1,38.8
7/1/2018 13:06,314,23.5,86.9,1,50.3
7/1/2018 13:07,311,23.5,87.2,1,68.5
7/1/2018 13:08,308,23.5,86.9,0.9,71.2
7/1/2018 13:09,308,23.6,86.3,0.9,51.7
7/1/2018 13:10,310,23.6,85.9,1.1,37.2
7/1/2018 13:11,315,23.6,85.9,0.9,35.2
7/1/2018 13:12,324,23.6,86.8,0.3,0.1
7/1/2018 13:13,336,23.6,85.8,0.7,39.4
7/1/2018 13:14,345,23.6,86.3,0.8,26.3
7/1/2018 13:15,349,23.6,86.1,0.5,13.4
7/1/2018 13:16,338,23.7,86.1,1.3,0.3
7/1/2018 13:17,318,23.6,84.6,0.9,343
7/1/2018 13:18,301,23.6,87.3,0.2,10.1
7/1/2018 13:19,286,23.7,86.3,0,0
7/1/2018 13:20,277,23.8,85.8,0.7,30.3
7/1/2018 13:21,269,23.8,84.6,1.1,23.6
7/1/2018 13:22,259,23.6,84.7,0.8,353.5
7/1/2018 13:23,255,23.6,84.8,0.4,4.8
7/1/2018 13:24,255,23.6,85.2,1.4,1.3
7/1/2018 13:25,261,23.6,86.2,0.6,347.9
7/1/2018 13:26,269,23.6,85,0.8,343.5
7/1/2018 13:27,271,23.5,85.1,1,337.4
7/1/2018 13:28,263,23.5,86.6,1.5,332.1
7/1/2018 13:29,250,23.6,86,0.3,2.5
7/1/2018 13:30,234,23.6,85.1,0.4,359.3
7/1/2018 13:31,219,23.6,84.3,1.2,27.7
7/1/2018 13:32,207,23.6,84.9,1,22.1
7/1/2018 13:33,197,23.6,85.2,1.2,25.5
7/1/2018 13:34,190,23.6,84.3,1,20.5
7/1/2018 13:35,185,23.6,83.8,0.5,20.2
7/1/2018 13:36,183,23.6,83.4,0.3,44.2
7/1/2018 13:37,182,23.6,84.3,0.2,33
7/1/2018 13:38,182,23.6,84.6,0.1,354.6
7/1/2018 13:39,180,23.7,83.6,0,354.6
7/1/2018 13:40,174,23.7,84.9,0,0
7/1/2018 13:41,164,23.8,83.6,0,0
7/1/2018 13:42,154,23.8,83.8,0,13.7
7/1/2018 13:43,145,23.9,83,0,0
7/1/2018 13:44,137,23.8,81.8,0,16.9
7/1/2018 13:45,134,23.8,82.2,0,0
7/1/2018 13:46,132,23.8,82,0,0
7/1/2018 13:47,131,23.9,82.5,0,0
7/1/2018 13:48,131,23.9,81.7,0,0
7/1/2018 13:49,131,23.9,82.3,0,0
7/1/2018 13:50,133,23.9,83.7,0.2,355.5
7/1/2018 13:51,134,23.9,82.1,0,354.4
7/1/2018 13:52,137,23.8,83.2,0,0
7/1/2018 13:53,140,23.8,84.9,0.3,316.1
7/1/2018 13:54,146,23.8,85.5,1,304.5
7/1/2018 13:55,150,23.7,87,0.7,314.1
7/1/2018 13:56,151,23.6,86.4,0.9,311.4
7/1/2018 13:57,152,23.4,85,0.9,318.5
7/1/2018 13:58,153,23.3,85.2,0.2,320.5
7/1/2018 13:59,156,23.3,85.8,0.8,342
7/1/2018 14:00,163,23.2,87.8,0,0
7/1/2018 14:01,178,23.2,87.9,0.1,316.9
7/1/2018 14:02,197,23.2,88.2,0.3,309.5
7/1/2018 14:03,217,23.2,90.3,0.7,300.7
7/1/2018 14:04,230,23.2,90.8,0.5,296
7/1/2018 14:05,236,23.2,90.5,0.8,293.3
7/1/2018 14:06,232,23.3,90.4,0.1,299.6
7/1/2018 14:07,221,23.3,90.3,0.4,289
7/1/2018 14:08,212,23.3,90.4,0,0
7/1/2018 14:09,205,23.3,90.2,1,302.1
7/1/2018 14:10,198,23.3,89.7,0.9,308.8
7/1/2018 14:11,190,23.2,90,0,320.1
7/1/2018 14:12,183,23.2,88.4,1,311.1
7/1/2018 14:13,178,23.2,89.7,0.7,303.7
7/1/2018 14:14,172,23.2,88,0.3,303.9
7/1/2018 14:15,164,23.2,88.1,0,0
7/1/2018 14:16,156,23.2,88.6,0.4,295.8
7/1/2018 14:17,148,23.2,89.1,0.2,295.6
7/1/2018 14:18,141,23.3,90.3,0.3,302.9
7/1/2018 14:19,138,23.3,90.1,0.1,278.8
7/1/2018 14:20,135,23.3,88.7,0.6,273.3
7/1/2018 14:21,132,23.3,89.1,0.5,291.1
7/1/2018 14:22,129,23.4,88.8,1.3,297.8
7/1/2018 14:23,128,23.3,89.3,0.4,298.3
7/1/2018 14:24,129,23.4,89.3,0,0
7/1/2018 14:25,133,23.4,88.6,0,0
7/1/2018 14:26,140,23.3,87.3,0.4,273.5
7/1/2018 14:27,150,23.4,88,0.1,251.1
7/1/2018 14:28,163,23.4,87.2,0.7,268.1
7/1/2018 14:29,177,23.4,87.9,0.3,276.9
7/1/2018 14:30,190,23.4,87.8,0,277.2
7/1/2018 14:31,203,23.4,89.5,0,0
7/1/2018 14:32,215,23.5,88.5,0.4,231.5
7/1/2018 14:33,223,23.5,86.3,0.4,243.9
7/1/2018 14:34,231,23.5,86.9,0.2,251.6
7/1/2018 14:35,236,23.5,85.6,0,0
7/1/2018 14:36,240,23.6,87,0.4,257.9
7/1/2018 14:37,245,23.7,85.9,0.3,244.6
7/1/2018 14:38,251,23.7,84.2,1,253.3
7/1/2018 14:39,258,23.6,85.1,0.1,255
7/1/2018 14:40,267,23.6,84.7,0,0
7/1/2018 14:41,276,23.6,84.3,0,0
7/1/2018 14:42,287,23.7,84,0,0
7/1/2018 14:43,300,23.7,83.9,0,0
7/1/2018 14:44,314,23.8,82.2,0,0
7/1/2018 14:45,327,23.9,81.3,0,0
7/1/2018 14:46,341,24,80.1,0,0
7/1/2018 14:47,357,24.1,79.3,0,0
7/1/2018 14:48,371,24.1,79.7,0,0
7/1/2018 14:49,387,24.3,80.8,0.1,121
7/1/2018 14:50,399,24.3,79.2,0,0
7/1/2018 14:51,410,24.4,77.8,0.1,119.3
7/1/2018 14:52,420,24.4,78.7,0.1,119.3
7/1/2018 14:53,431,24.4,78.7,0.1,111.6
7/1/2018 14:54,440,24.5,79.2,0.2,110.4
7/1/2018 14:55,447,24.6,78.1,0,0
7/1/2018 14:56,453,24.6,79.1,0,106.2
7/1/2018 14:57,454,24.8,80,0,0
7/1/2018 14:58,453,25,80.1,0.4,64.9
7/1/2018 14:59,455,25.1,77.9,0.9,47.4
7/1/2018 15:00,459,25.1,76.7,0.2,54.5
7/1/2018 15:01,466,25,78.3,0.2,56.3
7/1/2018 15:02,469,25,75.8,0,0
7/1/2018 15:03,468,25.1,75.8,0,0
7/1/2018 15:04,470,25.2,75.8,0,0
7/1/2018 15:05,473,25.3,75.5,0,0
7/1/2018 15:06,464,25.4,75.6,0,0
7/1/2018 15:07,455,25.4,76.3,0.2,69.7
7/1/2018 15:08,449,25.5,76.5,0.5,74.5
7/1/2018 15:09,448,25.6,76.2,0.2,70.7
7/1/2018 15:10,447,25.7,76.7,0.1,62.1
7/1/2018 15:11,443,25.8,75.1,0,62.1
7/1/2018 15:12,440,25.8,75.2,1.1,89.1
7/1/2018 15:13,440,25.8,73.4,1.4,116.7
7/1/2018 15:14,439,25.8,72.4,0.5,141.6
7/1/2018 15:15,436,25.8,72.1,0.3,143.9
7/1/2018 15:16,431,25.7,73.1,0.2,150.4
7/1/2018 15:17,424,25.7,72.2,0.6,159.1
7/1/2018 15:18,414,25.6,72.2,0.2,171.2
7/1/2018 15:19,403,25.5,72.8,0,0
7/1/2018 15:20,391,25.5,73,0,214.8
7/1/2018 15:21,380,25.5,73.3,0,0
7/1/2018 15:22,370,25.4,72.7,0.3,231
7/1/2018 15:23,360,25.3,73.1,0.7,194.8
7/1/2018 15:24,351,25.2,73.5,0,194.8
7/1/2018 15:25,344,25.1,74,0,0
7/1/2018 15:26,339,25.3,74.5,0,0
7/1/2018 15:27,334,25.5,75.2,0.2,55.5
7/1/2018 15:28,330,25.6,75,0.9,61
7/1/2018 15:29,327,25.7,73.9,0.2,58.7
7/1/2018 15:30,323,25.7,72.9,0,0
7/1/2018 15:31,318,25.7,73.3,0.7,55.1
7/1/2018 15:32,312,25.7,73.1,1.7,81.5
7/1/2018 15:33,308,25.6,73.1,1.4,88.8
7/1/2018 15:34,304,25.5,73.3,1.4,92.9
7/1/2018 15:35,302,25.4,73.9,1,116
7/1/2018 15:36,300,25.2,74.8,0.5,95.4
7/1/2018 15:37,299,25.2,75.2,0.7,100.5
7/1/2018 15:38,297,25.1,75,1.1,111.7
7/1/2018 15:39,294,25.1,75,0.8,115.8
7/1/2018 15:40,291,25,75.6,0.6,125.6
7/1/2018 15:41,287,25,75.2,0.1,138.8
7/1/2018 15:42,281,25,75,0,0
7/1/2018 15:43,274,25,75.6,0,143.6
7/1/2018 15:44,267,25.1,74.6,0.2,158.8
7/1/2018 15:45,259,25,75.3,1.3,206.7
7/1/2018 15:46,252,24.9,75.8,1.1,214.1
7/1/2018 15:47,246,24.9,75.8,1.4,190.2
7/1/2018 15:48,241,24.8,76.9,0.2,181
7/1/2018 15:49,237,24.8,75.9,0.8,155.8
7/1/2018 15:50,232,24.9,76.2,1.1,151.7
7/1/2018 15:51,228,24.8,75.2,1,139.9
7/1/2018 15:52,225,24.8,75.8,0.9,126.7
7/1/2018 15:53,223,24.7,76.2,0.7,130.3
7/1/2018 15:54,221,24.7,75.7,0.7,130.4
7/1/2018 15:55,219,24.7,76.3,0.5,122
7/1/2018 15:56,217,24.8,76.6,0.1,102.1
7/1/2018 15:57,215,24.8,75.6,0,0
7/1/2018 15:58,214,24.8,75.6,0.1,102.4
7/1/2018 15:59,212,24.8,75.9,0,0
7/1/2018 16:00,209,24.8,75.7,0,0
7/1/2018 16:01,206,24.8,75.6,0,0
7/1/2018 16:02,202,25,75.7,0,0
7/1/2018 16:03,198,25.1,75.5,0,0
7/1/2018 16:04,193,25.2,75.5,0,0
7/1/2018 16:05,187,25.4,75.4,0,0
7/1/2018 16:06,182,25.4,75.4,0,0
7/1/2018 16:07,177,25.4,75.3,0,0
7/1/2018 16:08,173,25.4,75,0.1,66.1
7/1/2018 16:09,169,25.4,75.8,0.7,66.2
7/1/2018 16:10,165,25.3,75.5,0.6,66.3
7/1/2018 16:11,163,25.3,76,0.8,101.4
7/1/2018 16:12,162,25.2,75.1,1.5,103.4
7/1/2018 16:13,162,25.1,74.3,0.8,102
7/1/2018 16:14,162,25.1,74.3,0.1,102
7/1/2018 16:15,163,25.1,74.1,0,0
7/1/2018 16:16,165,25.1,74,0,0
7/1/2018 16:17,167,25.1,75.2,0,0
7/1/2018 16:18,169,25.1,76.5,0,0
7/1/2018 16:19,170,25.2,75.6,0,0
7/1/2018 16:20,172,25.2,74.5,0,0
7/1/2018 16:21,174,25.2,74.8,0,0
7/1/2018 16:22,175,25.3,73.7,0,0
7/1/2018 16:23,176,25.3,74.5,0,0
7/1/2018 16:24,176,25.4,74.1,0.3,92.6
7/1/2018 16:25,176,25.4,73.5,0,93
7/1/2018 16:26,175,25.4,74,0,93
7/1/2018 16:27,174,25.3,73.8,0.4,93
7/1/2018 16:28,173,25.3,73.7,0.6,92.4
7/1/2018 16:29,172,25.2,74.6,0.6,88.2
7/1/2018 16:30,172,25.2,74.4,0.3,88.2
7/1/2018 16:31,171,25.2,73.8,0,0
7/1/2018 16:32,171,25.3,73.2,0,0
7/1/2018 16:33,171,25.3,72.9,0,0
7/1/2018 16:34,171,25.3,73.3,0,0
7/1/2018 16:35,172,25.3,73.2,0,0
7/1/2018 16:36,173,25.2,73.3,0,0
7/1/2018 16:37,174,25.2,73.6,0,0
7/1/2018 16:38,174,25.2,73.5,0,0
7/1/2018 16:39,174,25.1,74.7,0,0
7/1/2018 16:40,174,25.1,73.8,0,0
7/1/2018 16:41,173,25.1,73.7,0,0
7/1/2018 16:42,172,25.1,73.8,0,0
7/1/2018 16:43,170,25.3,74.6,0,0
7/1/2018 16:44,167,25.3,73.1,0,0
7/1/2018 16:45,163,25.3,72.5,0,0
7/1/2018 16:46,159,25.3,72.8,0,0
7/1/2018 16:47,153,25.3,72.7,0,0
7/1/2018 16:48,147,25.2,72.7,0,0
7/1/2018 16:49,141,25.2,72.8,0,0
7/1/2018 16:50,136,25.3,72.7,0,0
7/1/2018 16:51,131,25.4,72.4,0,0
7/1/2018 16:52,126,25.3,72.7,0,0
7/1/2018 16:53,121,25.3,72.7,0,0
7/1/2018 16:54,117,25.3,72.9,0,0
7/1/2018 16:55,114,25.4,73.3,0,0
7/1/2018 16:56,110,25.4,73.5,0,0
7/1/2018 16:57,107,25.4,73.8,0,0
7/1/2018 16:58,104,25.4,72.4,0,0
7/1/2018 16:59,102,25.3,72.8,0,0
7/1/2018 17:00,100,25.2,73.3,0,0
7/1/2018 17:01,98,25.2,73.4,0,0
7/1/2018 17:02,97,25.1,73.4,0,0
7/1/2018 17:03,95,25,73.7,0,0
7/1/2018 17:04,93,24.9,74.3,0,0
7/1/2018 17:05,92,24.9,74.9,0,0
7/1/2018 17:06,92,24.9,74.4,0,0
7/1/2018 17:07,91,24.9,74.5,0,0
7/1/2018 17:08,90,24.9,74.6,0,0
7/1/2018 17:09,90,25,74.9,0,0
7/1/2018 17:10,89,25,74.9,0,0
7/1/2018 17:11,89,25,75.1,0,0
7/1/2018 17:12,89,25,75.4,0,0
7/1/2018 17:13,88,25,75.5,0,0
7/1/2018 17:14,88,25,76.2,0,0
7/1/2018 17:15,87,25.1,76,0,0
7/1/2018 17:16,87,25.1,75.8,0,0
7/1/2018 17:17,86,25,74.9,0,0
7/1/2018 17:18,86,25.1,75.8,0,0
7/1/2018 17:19,85,25.1,75.3,0,0
7/1/2018 17:20,84,25.1,75.9,0,0
7/1/2018 17:21,83,25.1,75.2,0,0
7/1/2018 17:22,83,25.1,73.7,0,0
7/1/2018 17:23,82,25.1,74.4,0,0
7/1/2018 17:24,81,25.1,74.9,0.3,128.9
7/1/2018 17:25,79,25,74.5,0.2,128.9
7/1/2018 17:26,78,25,74.6,0,0
7/1/2018 17:27,77,24.9,74.7,0,0
7/1/2018 17:28,77,24.9,75.6,0,0
7/1/2018 17:29,76,24.9,75.3,0.1,128.9
7/1/2018 17:30,76,24.9,75.3,0,0
7/1/2018 17:31,76,24.9,76.2,0.1,129
7/1/2018 17:32,76,24.8,76.3,0.4,129
7/1/2018 17:33,76,24.8,76,0.8,145.4
7/1/2018 17:34,77,24.7,77.2,0.7,160
7/1/2018 17:35,78,24.7,77.8,0.1,154.7
7/1/2018 17:36,78,24.7,76.7,0,0
7/1/2018 17:37,79,24.7,76.8,0,123.3
7/1/2018 17:38,80,24.6,75.5,1.4,139.9
7/1/2018 17:39,80,24.5,76,1.2,134.5
7/1/2018 17:40,81,24.4,76.7,0.1,137.1
7/1/2018 17:41,81,24.4,77.5,0.3,137
7/1/2018 17:42,82,24.3,78.4,0.1,136.9
7/1/2018 17:43,83,24.3,78.4,0.9,134
7/1/2018 17:44,83,24.3,77.9,1.5,108.5
7/1/2018 17:45,84,24.3,78.7,1.2,105.8
7/1/2018 17:46,84,24.3,77.7,0.5,105.5
7/1/2018 17:47,85,24.3,78.2,0.5,105.5
7/1/2018 17:48,85,24.3,79,0.5,96.8
7/1/2018 17:49,86,24.3,78.8,0,96.8
7/1/2018 17:50,86,24.3,79.4,0,0
7/1/2018 17:51,87,24.3,79.3,0,0
7/1/2018 17:52,87,24.3,79.8,0,0
7/1/2018 17:53,88,24.4,77.8,0,0
7/1/2018 17:54,89,24.4,78.8,0,0
7/1/2018 17:55,90,24.4,78.4,0,0
7/1/2018 17:56,90,24.4,79.3,0,0
7/1/2018 17:57,89,24.5,79.2,0,96.9
7/1/2018 17:58,88,24.4,78,0.2,96.9
7/1/2018 17:59,87,24.4,78.3,0.2,96.9
7/1/2018 18:00,85,24.4,78.3,0,96.9
7/1/2018 18:01,83,24.4,78.4,0.1,96.9
7/1/2018 18:02,80,24.4,79.1,0,0
7/1/2018 18:03,76,24.4,77.9,0,0
7/1/2018 18:04,74,24.4,79.5,0,0
7/1/2018 18:05,72,24.4,78.5,0,0
7/1/2018 18:06,69,24.4,77.1,0,0
7/1/2018 18:07,67,24.3,77,0,0
7/1/2018 18:08,64,24.3,78,0,0
7/1/2018 18:09,61,24.3,79,0,0
7/1/2018 18:10,59,24.3,80.3,0,0
7/1/2018 18:11,56,24.3,79.3,0,0
7/1/2018 18:12,54,24.3,79.5,0,0
7/1/2018 18:13,52,24.3,80.4,0,0
7/1/2018 18:14,50,24.3,81.4,0,0
7/1/2018 18:15,47,24.3,80.7,0,0
7/1/2018 18:16,45,24.3,80.3,0.1,90.5
7/1/2018 18:17,43,24.2,80.9,0,0
7/1/2018 18:18,41,24.2,80.6,0,0
7/1/2018 18:19,39,24.2,80.9,0,0
7/1/2018 18:20,38,24.1,80.9,0,0
7/1/2018 18:21,37,24.1,82.5,0,0
7/1/2018 18:22,36,24.1,81.5,0,0
7/1/2018 18:23,35,24.1,80,0.1,90.5
7/1/2018 18:24,34,24.1,79.8,0,0
7/1/2018 18:25,32,24.1,80.6,0,0
7/1/2018 18:26,31,24.1,80.4,0,0
7/1/2018 18:27,30,24.1,80.2,0,0
7/1/2018 18:28,29,24.1,80.5,0,0
7/1/2018 18:29,28,24,80.8,0,0
7/1/2018 18:30,27,24.1,81.1,0,0
7/1/2018 18:31,26,24.1,81.1,0,0
7/1/2018 18:32,26,24.1,80.5,0,0
7/1/2018 18:33,25,24,80.6,0,0
7/1/2018 18:34,24,24,81.3,0,0
7/1/2018 18:35,23,24,81.1,0,0
7/1/2018 18:36,23,24,80.8,0,0
7/1/2018 18:37,22,24,80.4,0,0
7/1/2018 18:38,22,24,81,0,0
7/1/2018 18:39,21,24,81.2,0,0
7/1/2018 18:40,20,24,81.6,0,0
7/1/2018 18:41,19,24,81.5,0,0
7/1/2018 18:42,18,23.9,81.4,0,0
7/1/2018 18:43,17,23.9,81.6,0,0
7/1/2018 18:44,16,24,81.8,1.3,168.2
7/1/2018 18:45,14,23.9,82.5,1.3,181.5
7/1/2018 18:46,13,23.9,82.7,0.9,185.2
7/1/2018 18:47,12,23.8,83,0,0
7/1/2018 18:48,11,23.8,83.4,0.8,181.6
7/1/2018 18:49,10,23.8,82.9,1.2,193.2
7/1/2018 18:50,9,23.8,83.4,0,0
7/1/2018 18:51,8,23.8,83.5,0.1,183.7
7/1/2018 18:52,7,23.8,83.5,0,0
7/1/2018 18:53,7,23.7,83.1,0.1,183.7
7/1/2018 18:54,5,23.7,82.6,0,0
7/1/2018 18:55,4,23.7,83.1,0.5,183.7
7/1/2018 18:56,3,23.7,83,0.3,183.7
7/1/2018 18:57,3,23.7,83.2,0.7,183.3
7/1/2018 18:58,2,23.7,83.2,0.4,183
7/1/2018 18:59,2,23.7,83.5,0.7,179.2
7/1/2018 19:00,1,23.7,84,0.1,174.9
7/1/2018 19:01,1,23.7,84.5,0,0
7/1/2018 19:02,1,23.6,84.5,0,0
7/1/2018 19:03,0,23.6,84.7,0,0
7/1/2018 19:04,0,23.6,84.4,0,0
7/1/2018 19:05,0,23.6,84,0,0
7/1/2018 19:06,0,23.6,84.7,0,175
7/1/2018 19:07,0,23.6,85.1,0.8,175.5
7/1/2018 19:08,0,23.6,85.4,0.4,177.2
7/1/2018 19:09,0,23.5,85.7,0.4,189.2
7/1/2018 19:10,0,23.5,85.8,0.1,190.3
7/1/2018 19:11,0,23.5,86.1,0,0
7/1/2018 19:12,0,23.5,86.3,0,0
7/1/2018 19:13,0,23.5,86.3,1.1,193.4
7/1/2018 19:14,0,23.5,86.4,1.3,205.8
7/1/2018 19:15,0,23.5,86.5,0.7,206.3
7/1/2018 19:16,0,23.4,86.8,0,206.2
7/1/2018 19:17,0,23.4,86.8,0.1,206.2
7/1/2018 19:18,0,23.4,87.1,0.1,206.3
7/1/2018 19:19,0,23.4,86.9,0.6,212.7
7/1/2018 19:20,0,23.4,87,0.4,217.1
7/1/2018 19:21,0,23.4,87.6,0.1,217.5
7/1/2018 19:22,0,23.4,86.8,1.1,228.6
7/1/2018 19:23,0,23.4,87.2,0.5,247.4
7/1/2018 19:24,0,23.4,88,1.1,253.7
7/1/2018 19:25,0,23.3,88.4,1.1,274.9
7/1/2018 19:26,0,23.3,88.9,1.1,267
7/1/2018 19:27,0,23.2,89,0.9,257.7
7/1/2018 19:28,0,23.2,88.8,0.6,238.6
7/1/2018 19:29,0,23.2,89.5,0.7,283.6
7/1/2018 19:30,0,23.2,89.5,0.7,272.1
7/1/2018 19:31,0,23.2,88.7,0.7,250.4
7/1/2018 19:32,0,23.2,88.9,0.7,261.6
7/1/2018 19:33,0,23.2,88.5,0.7,263.9
7/1/2018 19:34,0,23.2,88.4,1.3,259
7/1/2018 19:35,0,23.2,88.6,1.2,262.7
7/1/2018 19:36,0,23.2,88.9,0.8,257.8
7/1/2018 19:37,0,23.1,88.6,0.1,252
7/1/2018 19:38,0,23.1,88.7,0.3,261.5
7/1/2018 19:39,0,23.1,89,0.4,259
7/1/2018 19:40,0,23.1,89.1,0.5,253.6
7/1/2018 19:41,0,23.1,89.2,0.1,252.1
7/1/2018 19:42,0,23.1,89.4,0.3,252.1
7/1/2018 19:43,0,23.1,89.4,0.6,247.2
7/1/2018 19:44,0,23.1,89.4,1.5,242.8
7/1/2018 19:45,0,23.1,89.6,0.5,240.2
7/1/2018 19:46,0,23.1,89.7,0,0
7/1/2018 19:47,0,23.1,89.8,0.6,238.4
7/1/2018 19:48,0,23.1,89.8,0.5,245.3
7/1/2018 19:49,0,23.1,89.7,1,235
7/1/2018 19:50,0,23.1,89.7,0.6,240.6
7/1/2018 19:51,0,23.1,90,0.5,245.1
7/1/2018 19:52,0,23.1,89.9,0.4,242.2
7/1/2018 19:53,0,23,90.1,0.4,246.5
7/1/2018 19:54,0,23,90.1,0.2,248.7
7/1/2018 19:55,0,23,90.1,0.4,243.1
7/1/2018 19:56,0,23,90.2,0.2,239.1
7/1/2018 19:57,0,23,90.1,0.1,239.2
7/1/2018 19:58,0,23,90.3,0.1,243.9
7/1/2018 19:59,0,23,90.2,0.6,252
7/1/2018 20:00,0,23,90,0.2,255.3
7/1/2018 20:01,0,23,90.2,0,0
7/1/2018 20:02,0,23,90.3,0,256.1
7/1/2018 20:03,0,22.9,90.3,0,256
7/1/2018 20:04,0,22.9,90.5,0,0
7/1/2018 20:05,0,22.9,90.3,0.1,260.9
7/1/2018 20:06,0,22.9,90.8,0.3,265.5
7/1/2018 20:07,0,22.9,90.2,0,0
7/1/2018 20:08,0,22.9,90.3,0.1,266.3
7/1/2018 20:09,0,22.8,90.2,0,0
7/1/2018 20:10,0,22.8,90.4,0,266.3
7/1/2018 20:11,0,22.8,90.2,0.1,266.4
7/1/2018 20:12,0,22.8,90.5,0,0
7/1/2018 20:13,0,22.8,90.2,0.1,304.1
7/1/2018 20:14,0,22.8,89.8,0.3,300
7/1/2018 20:15,0,22.8,90,0.3,290.9
7/1/2018 20:16,0,22.8,90,0.1,290.9
7/1/2018 20:17,0,22.8,89.7,0.1,290.9
7/1/2018 20:18,0,22.8,89.8,0,0
7/1/2018 20:19,0,22.8,89.6,0,0
7/1/2018 20:20,0,22.8,89.9,0,0
7/1/2018 20:21,0,22.8,89.9,0.2,260.8
7/1/2018 20:22,0,22.8,89.6,0,257
7/1/2018 20:23,0,22.8,89.6,0.2,257.1
7/1/2018 20:24,0,22.8,89.7,0.1,257.1
7/1/2018 20:25,0,22.8,89.7,0.1,257.1
7/1/2018 20:26,0,22.8,90,0.1,257.1
7/1/2018 20:27,0,22.8,90.3,0,0
7/1/2018 20:28,0,22.8,90.9,0.1,275.9
7/1/2018 20:29,0,22.7,90.4,0.4,284.6
7/1/2018 20:30,0,22.7,90.4,0,282.5
7/1/2018 20:31,0,22.7,90.3,0,0
7/1/2018 20:32,0,22.7,89.7,0.1,282.5
7/1/2018 20:33,0,22.7,89.9,0,0
7/1/2018 20:34,0,22.7,90,0,0
7/1/2018 20:35,0,22.7,90.3,0.2,262.9
7/1/2018 20:36,0,22.7,90.5,0.7,265.3
7/1/2018 20:37,0,22.7,90.6,0.3,265.1
7/1/2018 20:38,0,22.7,90.1,0,267.5
7/1/2018 20:39,0,22.7,90.1,0.6,267
7/1/2018 20:40,0,22.7,90,0,267
7/1/2018 20:41,0,22.7,89.6,0.2,266.7
7/1/2018 20:42,0,22.7,89.7,0.2,266.6
7/1/2018 20:43,0,22.7,89.8,0.4,266.4
7/1/2018 20:44,0,22.7,89.8,0.1,262.6
7/1/2018 20:45,0,22.7,89.5,0.1,262.7
7/1/2018 20:46,0,22.7,89.1,0.1,262.6
7/1/2018 20:47,0,22.7,88.8,0.5,264.3
7/1/2018 20:48,0,22.7,89,0.1,250.5
7/1/2018 20:49,0,22.8,89,0,0
7/1/2018 20:50,0,22.8,89,0,0
7/1/2018 20:51,0,22.8,88.7,0.1,249.1
7/1/2018 20:52,0,22.8,88.7,0,0
7/1/2018 20:53,0,22.8,88.5,0.1,248.3
7/1/2018 20:54,0,22.8,88.4,0,0
7/1/2018 20:55,0,22.8,88.4,0.1,248.2
7/1/2018 20:56,0,22.7,88.5,0.3,245.7
7/1/2018 20:57,0,22.7,88.7,0,245.5
7/1/2018 20:58,0,22.7,88.9,0,0
7/1/2018 20:59,0,22.7,88.5,0.1,245.5
7/1/2018 21:00,0,22.7,88.3,0,0
7/1/2018 21:01,0,22.7,87.8,0,0
7/1/2018 21:02,0,22.7,87.6,0.1,245.5
7/1/2018 21:03,0,22.8,87.6,0,245.5
7/1/2018 21:04,0,22.8,88.3,0,0
7/1/2018 21:05,0,22.7,88.3,0.1,245.5
7/1/2018 21:06,0,22.7,88.6,0,0
7/1/2018 21:07,0,22.7,88,0.2,274.7
7/1/2018 21:08,0,22.7,87.5,0,0
7/1/2018 21:09,0,22.7,87.9,0,0
7/1/2018 21:10,0,22.7,87.3,0,0
7/1/2018 21:11,0,22.6,87.3,0,0
7/1/2018 21:12,0,22.6,87.4,0,0
7/1/2018 21:13,0,22.6,87.5,0,0
7/1/2018 21:14,0,22.6,87.6,0,282.3
7/1/2018 21:15,0,22.6,87.6,0.2,282.3
7/1/2018 21:16,0,22.6,88,0.1,282.3
7/1/2018 21:17,0,22.6,88.4,0.5,289.5
7/1/2018 21:18,0,22.5,88.4,0.2,294.4
7/1/2018 21:19,0,22.5,88.9,0.2,284.4
7/1/2018 21:20,0,22.5,89,0,0
7/1/2018 21:21,0,22.4,89,0.2,283.3
7/1/2018 21:22,0,22.4,89.1,0.7,295.9
7/1/2018 21:23,0,22.4,88.8,0.3,282.1
7/1/2018 21:24,0,22.4,87.8,0.2,282.1
7/1/2018 21:25,0,22.4,88.4,0.2,282.1
7/1/2018 21:26,0,22.4,87.3,0.2,258.7
7/1/2018 21:27,0,22.4,87.4,0.3,245.7
7/1/2018 21:28,0,22.4,87.3,0,0
7/1/2018 21:29,0,22.4,87.3,0.2,263.5
7/1/2018 21:30,0,22.4,87.6,0.1,261.3
7/1/2018 21:31,0,22.4,88.1,0.6,288.4
7/1/2018 21:32,0,22.4,87.9,0,0
7/1/2018 21:33,0,22.4,88.3,0,0
7/1/2018 21:34,0,22.4,88.2,0,285.9
7/1/2018 21:35,0,22.3,88.2,0,0
7/1/2018 21:36,0,22.3,88.4,0.5,265
7/1/2018 21:37,0,22.3,88,0.1,267.4
7/1/2018 21:38,0,22.4,88.4,0.1,267.1
7/1/2018 21:39,0,22.4,88.2,0,0
7/1/2018 21:40,0,22.4,88.2,0.2,267.1
7/1/2018 21:41,0,22.4,88.4,0,267.2
7/1/2018 21:42,0,22.3,88.7,0.3,267
7/1/2018 21:43,0,22.3,88.7,0.4,287.1
7/1/2018 21:44,0,22.3,89.2,0.3,284.5
7/1/2018 21:45,0,22.3,89.6,0.5,283.2
7/1/2018 21:46,0,22.3,89.8,0,283.3
7/1/2018 21:47,0,22.3,89.8,0.1,258.7
7/1/2018 21:48,0,22.2,89.7,0,0
7/1/2018 21:49,0,22.2,89.8,0,0
7/1/2018 21:50,0,22.2,89.9,0,289.2
7/1/2018 21:51,0,22.2,89.3,0.4,283.8
7/1/2018 21:52,0,22.2,89.3,0.1,268.7
7/1/2018 21:53,0,22.2,89.5,0,0
7/1/2018 21:54,0,22.2,89.3,0,0
7/1/2018 21:55,0,22.2,89.2,0,0
7/1/2018 21:56,0,22.2,89.3,0,0
7/1/2018 21:57,0,22.2,89.7,0.1,268.8
7/1/2018 21:58,0,22.2,89.6,0.3,268.7
7/1/2018 21:59,0,22.2,89.7,0,0
7/1/2018 22:00,0,22.2,89.9,0,0
7/1/2018 22:01,0,22.2,89.6,0.2,258.7
7/1/2018 22:02,0,22.2,89.5,0.1,258.8
7/1/2018 22:03,0,22.2,89.3,0,0
7/1/2018 22:04,0,22.2,89.6,0,0
7/1/2018 22:05,0,22.2,89.4,0.4,257.9
7/1/2018 22:06,0,22.2,89.5,0,239.3
7/1/2018 22:07,0,22.3,89.6,0,0
7/1/2018 22:08,0,22.2,89.5,0,0
7/1/2018 22:09,0,22.2,89.6,0,0
7/1/2018 22:10,0,22.2,89.8,0,0
7/1/2018 22:11,0,22.2,89.9,0,0
7/1/2018 22:12,0,22.2,89.7,0,0
7/1/2018 22:13,0,22.2,89.8,0,0
7/1/2018 22:14,0,22.2,90.3,0,0
7/1/2018 22:15,0,22.2,90.1,0,0
7/1/2018 22:16,0,22.2,89.8,0,0
7/1/2018 22:17,0,22.2,90.3,0,0
7/1/2018 22:18,0,22.2,89.6,0.2,258.2
7/1/2018 22:19,0,22.2,90.1,0.2,262.6
7/1/2018 22:20,0,22.2,90.3,0,0
7/1/2018 22:21,0,22.2,89.4,0,0
7/1/2018 22:22,0,22.2,90.1,0,0
7/1/2018 22:23,0,22.2,89.9,0,0
7/1/2018 22:24,0,22.2,89.9,0,0
7/1/2018 22:25,0,22.2,90.1,0,0
7/1/2018 22:26,0,22.2,90.3,0,0
7/1/2018 22:27,0,22.2,90.6,0,0
7/1/2018 22:28,0,22.2,89.9,0,0
7/1/2018 22:29,0,22.2,89.6,0,0
7/1/2018 22:30,0,22.2,89.9,0,0
7/1/2018 22:31,0,22.2,90,0,0
7/1/2018 22:32,0,22.2,90.1,0,0
7/1/2018 22:33,0,22.2,90,0,0
7/1/2018 22:34,0,22.2,89.6,0,0
7/1/2018 22:35,0,22.2,89.7,0,0
7/1/2018 22:36,0,22.2,89.5,0,0
7/1/2018 22:37,0,22.2,89.2,0,0
7/1/2018 22:38,0,22.3,88.9,0,0
7/1/2018 22:39,0,22.3,89,0,0
7/1/2018 22:40,0,22.3,88.8,0,0
7/1/2018 22:41,0,22.3,88.7,0,0
7/1/2018 22:42,0,22.3,88.6,0,0
7/1/2018 22:43,0,22.3,88.5,0,240.1
7/1/2018 22:44,0,22.3,88.6,0,0
7/1/2018 22:45,0,22.3,88.8,0,0
7/1/2018 22:46,0,22.3,89.1,0,240.1
7/1/2018 22:47,0,22.3,89.3,0,0
7/1/2018 22:48,0,22.2,89.7,0,244.5
7/1/2018 22:49,0,22.2,89.9,0,0
7/1/2018 22:50,0,22.2,90.2,0,0
7/1/2018 22:51,0,22.2,90.3,0,0
7/1/2018 22:52,0,22.2,90.5,0,0
7/1/2018 22:53,0,22.2,90.5,0,0
7/1/2018 22:54,0,22.2,90.7,0,0
7/1/2018 22:55,0,22.2,90.6,0,0
7/1/2018 22:56,0,22.2,90.5,0,0
7/1/2018 22:57,0,22.2,90.4,0,255.6
7/1/2018 22:58,0,22.2,90.5,0,0
7/1/2018 22:59,0,22.2,90.2,0.1,262.5
7/1/2018 23:00,0,22.2,90.4,0,0
7/1/2018 23:01,0,22.1,90.4,0,0
7/1/2018 23:02,0,22.1,90.3,0,0
7/1/2018 23:03,0,22.1,90.5,0,0
7/1/2018 23:04,0,22.1,90.7,0,0
7/1/2018 23:05,0,22.1,90.6,0,0
7/1/2018 23:06,0,22.1,90.5,0,0
7/1/2018 23:07,0,22.1,90.2,0,0
7/1/2018 23:08,0,22.1,90.4,0,0
7/1/2018 23:09,0,22.1,90.5,0,0
7/1/2018 23:10,0,22.1,90.3,0,0
7/1/2018 23:11,0,22.1,90.2,0,0
7/1/2018 23:12,0,22.1,89.8,0,0
7/1/2018 23:13,0,22.1,89.7,0,0
7/1/2018 23:14,0,22.1,89.7,0,0
7/1/2018 23:15,0,22.1,89.6,0,0
7/1/2018 23:16,0,22.2,89.8,0,0
7/1/2018 23:17,0,22.2,90,0,0
7/1/2018 23:18,0,22.2,89.9,0,0
7/1/2018 23:19,0,22.2,90,0,0
7/1/2018 23:20,0,22.1,90.1,0,0
7/1/2018 23:21,0,22.1,90.2,0,0
7/1/2018 23:22,0,22.1,90.2,0,0
7/1/2018 23:23,0,22.1,90.4,0,262.6
7/1/2018 23:24,0,22.1,90.6,0,262.7
7/1/2018 23:25,0,22.1,90.7,0,262.7
7/1/2018 23:26,0,22.1,90.9,0,262.6
7/1/2018 23:27,0,22.1,90.8,0.1,262.7
7/1/2018 23:28,0,22.1,90.9,0.1,262.7
7/1/2018 23:29,0,22.1,91.2,0,0
7/1/2018 23:30,0,22.1,90.9,0,0
7/1/2018 23:31,0,22.1,91.1,0,0
7/1/2018 23:32,0,22.1,90.9,0,0
7/1/2018 23:33,0,22.1,90.6,0,0
7/1/2018 23:34,0,22.1,91.1,0,0
7/1/2018 23:35,0,22.1,91.2,0,0
7/1/2018 23:36,0,22.1,91,0,0
7/1/2018 23:37,0,22,90.7,0,0
7/1/2018 23:38,0,22,91,0.1,264.1
7/1/2018 23:39,0,22,90.7,0,0
7/1/2018 23:40,0,22,90.3,0,0
7/1/2018 23:41,0,22,90.7,0,0
7/1/2018 23:42,0,22,91,0,0
7/1/2018 23:43,0,22,91.1,0,0
7/1/2018 23:44,0,22,91.6,0,0
7/1/2018 23:45,0,22,91.5,0,0
7/1/2018 23:46,0,21.9,91.5,0,0
7/1/2018 23:47,0,21.9,91.4,0,0
7/1/2018 23:48,0,21.9,91.5,0,0
7/1/2018 23:49,0,21.9,91.5,0,0
7/1/2018 23:50,0,21.9,91.6,0,0
7/1/2018 23:51,0,21.9,92.1,0,0
7/1/2018 23:52,0,21.9,91.8,0,0
7/1/2018 23:53,0,21.9,90.9,0,0
7/1/2018 23:54,0,21.9,91.1,0,0
7/1/2018 23:55,0,21.9,91.7,0,0
7/1/2018 23:56,0,21.9,91.2,0,0
7/1/2018 23:57,0,21.9,91.4,0,0
,,,,,
,,,,,
,,,,,
,,,,,
,,,,,
,,,,,
,,,,,
,,,,,
,,,,,
,,,,,
,,,,,
,,,,,
,,,,,
,,,,,
,,,,,
,,,,,
,,,,,
,,,,,
,,,,,
,,,,,
,,,,,
,,,,,
,,,,,
,,,,,
,,,,,
,,,,,
,,,,,
,,,,,
,,,,,
,,,,,
,,,,,
,,,,,
,,,,,
,,,,,
,,,,,
,,,,,
,,,,,
,,,,,
,,,,,
,,,,,
,,,,,
,,,,,
,,,,,
,,,,,
,,,,,
,,,,,
,,,,,
,,,,,
,,,,,
,,,,,
,,,,,
,,,,,
,,,,,
,,,,,
,,,,,
,,,,,
,,,,,
,,,,,
,,,,,
